<keymap version="1" name="XWin Proper Redo" parent="Default for XWin">
  <action id="$Redo">
    <keyboard-shortcut first-keystroke="shift ctrl z" />
    <keyboard-shortcut first-keystroke="shift alt back_space" />
    <keyboard-shortcut first-keystroke="ctrl y" />
  </action>
  <action id="CloseContent">
    <keyboard-shortcut first-keystroke="ctrl alt w" />
  </action>
  <action id="CollapseDocComments">
    <keyboard-shortcut first-keystroke="shift ctrl alt divide" />
  </action>
  <action id="CommentByLineComment">
    <keyboard-shortcut first-keystroke="ctrl number_sign" />
  </action>
  <action id="Console.History.Browse" />
  <action id="EditorDeleteLine" />
  <action id="EditorIndentLineOrSelection">
    <keyboard-shortcut first-keystroke="ctrl #10000df" />
  </action>
  <action id="EditorUnindentSelection">
    <keyboard-shortcut first-keystroke="ctrl #10000fc" />
  </action>
  <action id="MethodDown">
    <keyboard-shortcut first-keystroke="shift alt down" />
  </action>
  <action id="MethodUp">
    <keyboard-shortcut first-keystroke="shift alt up" />
  </action>
  <action id="MoveLineDown">
    <keyboard-shortcut first-keystroke="alt down" />
  </action>
  <action id="MoveLineUp">
    <keyboard-shortcut first-keystroke="alt up" />
  </action>
  <action id="NextTab">
    <keyboard-shortcut first-keystroke="ctrl alt e" />
  </action>
  <action id="PreviousTab">
    <keyboard-shortcut first-keystroke="ctrl alt q" />
  </action>
  <action id="SmartSelect" />
  <action id="ToggleFindInSelection" />
  <action id="TogglePresentationMode">
    <keyboard-shortcut first-keystroke="shift ctrl alt p" />
  </action>
  <action id="ToggleRenderedDocPresentation" />
  <action id="UsageFiltering.WriteAccess" />
</keymap>